id,email,password,date_created
1,magdalena51@gmail.com,J>e6mZ,12/15/2024
2,kallie.murazik@gmail.com,"B,s.0I",12/15/2024
3,reggie_heller91@gmail.com,v7<rN%,12/15/2024
4,schuyler.leffler17@gmail.com,NQa3?V,12/15/2024
5,morris52@gmail.com,L%6s(a,12/15/2024
6,emilie_bednar0@gmail.com,"BwE6<,",12/15/2024
7,ricky28@gmail.com,IM[y7V,12/15/2024
8,wilburn.ryan98@gmail.com,g(~P06,12/15/2024
9,gavin.grady89@gmail.com,b5@Bmu,12/15/2024
10,wilmer_mayer25@gmail.com,nw7J|(,12/15/2024
11,priscilla_collier@gmail.com,"d,iA5T",12/15/2024
12,mable.okuneva71@gmail.com,Bp0{7~,12/15/2024
13,jermaine55@gmail.com,Y/m^7X,12/15/2024
14,jerod15@gmail.com,"vG#B6,",12/15/2024
15,dayne51@gmail.com,Fz9G:!,12/15/2024
16,leda.hickle98@gmail.com,Lbq6^?,12/15/2024
17,coty_keebler@gmail.com,c1Zj&R,12/15/2024
18,jaylin_graham@gmail.com,o!4Q(c,12/15/2024
19,terrill90@gmail.com,y2E9.E,12/15/2024
20,gino_blick@gmail.com,evI2_J,12/15/2024
21,eliseo_marvin@gmail.com,s|!E3W,12/15/2024
22,ruthie.hermiston@gmail.com,M2jn-=,12/15/2024
23,donato.goodwin78@gmail.com,"Jg,?5z",12/15/2024
24,joanne_murazik@gmail.com,W^5-j;,12/15/2024
25,niko55@gmail.com,V=<k91,12/15/2024
26,genesis54@gmail.com,cN*V9d,12/15/2024
27,gregg58@gmail.com,j>1K]F,12/15/2024
28,mckayla.borer@gmail.com,A**l45,12/15/2024
29,raven_konopelski79@gmail.com,"Ol9~""K",12/15/2024
30,margot39@gmail.com,zUz|5Y,12/15/2024
31,bianka52@gmail.com,ds;0Qw,12/15/2024
32,doris7@gmail.com,H5n-#|,12/15/2024
33,roberto_feil25@gmail.com,Kh1*s*,12/15/2024
34,alek_crona@gmail.com,h!g5J_,12/15/2024
35,horace.kunze38@gmail.com,Oh0';4,12/15/2024
36,fatima_larson34@gmail.com,Gb4c[;,12/15/2024
37,moises.bauch@gmail.com,g2G<Kr,12/15/2024
38,elijah46@gmail.com,H3z]jM,12/15/2024
39,geovanni_okuneva@gmail.com,yK+9({,12/15/2024
40,johnson_littel@gmail.com,x#3}Ri,12/15/2024
41,damion9@gmail.com,Al&z8H,12/15/2024
42,ambrose62@gmail.com,Ew{_6/,12/15/2024
43,lucinda_donnelly92@gmail.com,HxC'7N,12/15/2024
44,rex.kreiger@gmail.com,JS`7p<,12/15/2024
45,aracely63@gmail.com,W@xK0t,12/15/2024
46,abbie.kuhn83@gmail.com,kY4^M0,12/15/2024
47,dandre71@gmail.com,V_nL8d,12/15/2024
48,lavada86@gmail.com,"wY`6K,",12/15/2024
49,lulu_runte@gmail.com,i9>K&!,12/15/2024
50,adriana.zboncak53@gmail.com,b1H-9F,12/15/2024
51,gunnar.cummerata84@gmail.com,v~hG1?,12/15/2024
52,keara17@gmail.com,JG+v3|,12/15/2024
53,kristina_schimmel96@gmail.com,Wy^v56,12/15/2024
54,anibal58@gmail.com,k-2bR],12/15/2024
55,raymundo1@gmail.com,E;f5E',12/15/2024
56,andy14@gmail.com,Xc'9g],12/15/2024
57,clay_johns@gmail.com,L1f'Ko,12/15/2024
58,syble.hintz87@gmail.com,S&8b)>,12/15/2024
59,elmo13@gmail.com,F9l{pN,12/15/2024
60,alfredo_schultz@gmail.com,U7xT-8,12/15/2024
61,rhea_cummerata33@gmail.com,n/`6E9,12/15/2024
62,brooke43@gmail.com,Se2$+O,12/15/2024
63,myrtis.larson@gmail.com,k8O)kc,12/15/2024
64,claudine_oconner@gmail.com,"f1W|5""",12/15/2024
65,angus.wilderman22@gmail.com,O@z9%U,12/15/2024
66,lindsay_sporer@gmail.com,jp3?Lw,12/15/2024
67,fae.schaefer@gmail.com,tK73%P,12/15/2024
68,johnathon.homenick@gmail.com,H>o|5P,12/15/2024
69,irma60@gmail.com,Pq(3t;,12/15/2024
70,nelle_jacobi@gmail.com,jW7*.<,12/15/2024
71,margaretta87@gmail.com,ah7P(^,12/15/2024
72,jaden_farrell4@gmail.com,"q{N}1""",12/15/2024
73,sophie.tromp7@gmail.com,Oqe]1a,12/15/2024
74,cade.will@gmail.com,m>G2ED,12/15/2024
75,sim.kunde@gmail.com,Yl8y^Z,12/15/2024
76,kaylin_daugherty@gmail.com,KXm`9z,12/15/2024
77,orrin_nitzsche@gmail.com,U$@a6u,12/15/2024
78,madalyn_johnston20@gmail.com,r26`W9,12/15/2024
79,abraham.heller@gmail.com,P()2yo,12/15/2024
80,laura.frami@gmail.com,X;j1|z,12/15/2024
81,gina_torphy45@gmail.com,"U""Ni0c",12/15/2024
82,emmie16@gmail.com,axE2[0,12/15/2024
83,reanna_sawayn@gmail.com,r(I0-8,12/15/2024
84,anthony_fay9@gmail.com,N9/trF,12/15/2024
85,benjamin98@gmail.com,"j!5BC""",12/15/2024
86,destinee.kuhic@gmail.com,"n6""5Oi",12/15/2024
87,abigail22@gmail.com,"g""I2=$",12/15/2024
88,eleanora66@gmail.com,B!5gRL,12/15/2024
89,molly.volkman88@gmail.com,xJ&]6B,12/15/2024
90,don41@gmail.com,"Bb4,#6",12/15/2024
91,fay_koelpin34@gmail.com,A3:0q;,12/15/2024
92,zakary93@gmail.com,L'F1e;,12/15/2024
93,ocie.stehr30@gmail.com,U1ap`E,12/15/2024
94,ezra_kub54@gmail.com,Z1-kWh,12/15/2024
95,ellie.lind@gmail.com,Vo&0xI,12/15/2024
96,abbey.kertzmann14@gmail.com,X'o7cC,12/15/2024
97,pearline_oconner@gmail.com,vJ*0Wz,12/15/2024
98,dimitri.dietrich20@gmail.com,"I3L,ez",12/15/2024
99,shanna5@gmail.com,H3&`a2,12/15/2024
100,dortha_bednar@gmail.com,a}WE2d,12/15/2024
101,arnold.wunsch@gmail.com,g_K=6A,12/15/2024
102,jody.little@gmail.com,m3#P9M,12/15/2024
103,nya_lindgren@gmail.com,A0)AiY,12/15/2024
104,carroll_zemlak@gmail.com,To9//Z,12/15/2024
105,jackie29@gmail.com,c1G>?a,12/15/2024
106,rosendo_terry@gmail.com,P6n#LQ,12/15/2024
107,floyd_bogisich@gmail.com,rB1/}R,12/15/2024
108,max22@gmail.com,"M,5lMC",12/15/2024
109,titus.runolfsson@gmail.com,xX{4$C,12/15/2024
110,hortense.swift64@gmail.com,Y/f1;J,12/15/2024
111,macie.conn4@gmail.com,C>8bE',12/15/2024
112,jeffry7@gmail.com,"u(9""E{",12/15/2024
113,genevieve_purdy@gmail.com,"f5$,ZK",12/15/2024
114,dovie_kshlerin@gmail.com,q;9.U!,12/15/2024
115,jarrell52@gmail.com,C6z}Gf,12/15/2024
116,theresia.rutherford79@gmail.com,Iw^4}],12/15/2024
117,myles.kessler@gmail.com,"l7""bP[",12/15/2024
118,kaden_douglas22@gmail.com,a4^'Xc,12/15/2024
119,simeon.prohaska@gmail.com,"T""3xJL",12/15/2024
120,liza45@gmail.com,Wq5c_j,12/15/2024
121,lester_sipes@gmail.com,f)21Cc,12/15/2024
122,lurline.funk47@gmail.com,"F&5""zQ",12/15/2024
123,thelma_lockman@gmail.com,r8/I4X,12/15/2024
124,walton_walsh30@gmail.com,V1)BfJ,12/15/2024
125,iva.tremblay@gmail.com,I>0fAM,12/15/2024
126,joanne80@gmail.com,Rii;2c,12/15/2024
127,christop.larson@gmail.com,O%h79M,12/15/2024
128,brycen.lebsack@gmail.com,F4uZ;>,12/15/2024
129,ike.baumbach@gmail.com,"v""X:97",12/15/2024
130,floyd.schroeder@gmail.com,d1W6`5,12/15/2024
131,pearline.padberg@gmail.com,Wr%0^l,12/15/2024
132,mallory_torphy23@gmail.com,E3c#|I,12/15/2024
133,kennedi_carter79@gmail.com,C}4qqn,12/15/2024
134,eliseo_pagac@gmail.com,U0d&BX,12/15/2024
135,casey30@gmail.com,B04e`&,12/15/2024
136,stephon.gulgowski32@gmail.com,r3Ic$k,12/15/2024
137,darrion.kulas31@gmail.com,n`wT9e,12/15/2024
138,felix35@gmail.com,Z_lR7^,12/15/2024
139,aida_bernier14@gmail.com,FdM~4B,12/15/2024
140,mattie_toy@gmail.com,Ak's0L,12/15/2024
141,adolph.kshlerin10@gmail.com,"tY""^9'",12/15/2024
142,jarod39@gmail.com,l~0PyL,12/15/2024
143,herman_rutherford62@gmail.com,QiM8@Z,12/15/2024
144,sim24@gmail.com,e?4{H:,12/15/2024
145,easton21@gmail.com,P9{bS1,12/15/2024
146,blaze.weissnat@gmail.com,U^r6QG,12/15/2024
147,steve_ebert68@gmail.com,v8R1:g,12/15/2024
148,jadon85@gmail.com,bST'6c,12/15/2024
149,elva_vonrueden32@gmail.com,Y;4w=S,12/15/2024
150,darien89@gmail.com,"pg,5NK",12/15/2024
151,buck9@gmail.com,"t7,C[1",12/15/2024
152,hyman.okeefe41@gmail.com,Ff32'G,12/15/2024
153,mohammad41@gmail.com,Ct]2z&,12/15/2024
154,lew54@gmail.com,K0}^od,12/15/2024
155,regan_blick@gmail.com,oOU^1<,12/15/2024
156,sven_effertz11@gmail.com,bb[3T%,12/15/2024
157,garry89@gmail.com,r^4nU;,12/15/2024
158,destiney_dach@gmail.com,T^o3Fx,12/15/2024
159,brandi81@gmail.com,x?Y'2a,12/15/2024
160,dallin.fay60@gmail.com,aJ!2b~,12/15/2024
161,carmelo.kshlerin98@gmail.com,J5l8#7,12/15/2024
162,carroll95@gmail.com,"O:g4R,",12/15/2024
163,danyka.cole@gmail.com,nd[1U[,12/15/2024
164,johnny_hodkiewicz57@gmail.com,wJ5)qT,12/15/2024
165,paul_ortiz41@gmail.com,e0E->%,12/15/2024
166,alec.gibson@gmail.com,x1P=E{,12/15/2024
167,tillman2@gmail.com,k7J8'q,12/15/2024
168,oren34@gmail.com,St9}oW,12/15/2024
169,chase.green22@gmail.com,x!U8e%,12/15/2024
170,zula57@gmail.com,zB)5zy,12/15/2024
171,paris.braun@gmail.com,l0Qq_q,12/15/2024
172,kira_cassin90@gmail.com,oO8J>P,12/15/2024
173,green_huels@gmail.com,xm6V_m,12/15/2024
174,gaetano_mckenzie@gmail.com,P?i8b=,12/15/2024
175,guy_bashirian68@gmail.com,V>Ad2`,12/15/2024
176,carolyne.stamm@gmail.com,AZ<j70,12/15/2024
177,kyleigh_schamberger64@gmail.com,l1<Aei,12/15/2024
178,hadley11@gmail.com,"iR3z,Q",12/15/2024
179,verner.kuphal61@gmail.com,PR8(k4,12/15/2024
180,maxine.ledner@gmail.com,"U8=c]""",12/15/2024
181,krystina89@gmail.com,rEJ_3F,12/15/2024
182,evalyn.heaney@gmail.com,o;e6Hg,12/15/2024
183,arvel59@gmail.com,F&04rL,12/15/2024
184,parker33@gmail.com,u3K:Uz,12/15/2024
185,felicity.gerhold4@gmail.com,kA_9Nn,12/15/2024
186,jonathon98@gmail.com,Uk|7Ui,12/15/2024
187,reyna_maggio71@gmail.com,M0eL`@,12/15/2024
188,dulce.krajcik@gmail.com,Dp~q1`,12/15/2024
189,roberto18@gmail.com,w8R'ql,12/15/2024
190,wendy.hartmann14@gmail.com,hP58*%,12/15/2024
191,rosanna.abshire@gmail.com,l9-=Ed,12/15/2024
192,lance24@gmail.com,TYx7/?,12/15/2024
193,benton_dibbert65@gmail.com,y$1PRl,12/15/2024
194,charlotte_lubowitz@gmail.com,j0ML-O,12/15/2024
195,hayley32@gmail.com,J3+4j/,12/15/2024
196,diamond99@gmail.com,r6TJ@q,12/15/2024
197,lucienne35@gmail.com,mVn4~p,12/15/2024
198,adah38@gmail.com,"F5z,)v",12/15/2024
199,clint27@gmail.com,T4w<#%,12/15/2024
200,eryn.casper52@gmail.com,R8&vDk,12/15/2024
201,bonnie36@gmail.com,o?DK5B,12/15/2024
202,rhea_carter94@gmail.com,bQ5=Dl,12/15/2024
203,elisabeth.prosacco@gmail.com,I$5:bB,12/15/2024
204,bertha10@gmail.com,d;f8X!,12/15/2024
205,rodrick_stehr@gmail.com,Jp1>9),12/15/2024
206,payton.mueller10@gmail.com,nL?b0?,12/15/2024
207,antonio.cartwright87@gmail.com,Cr`3dH,12/15/2024
208,lucas.kunze@gmail.com,gSK4*P,12/15/2024
209,clinton.tromp@gmail.com,"yL""a1R",12/15/2024
210,yvonne_rolfson20@gmail.com,wJ;7HV,12/15/2024
211,felipe_block9@gmail.com,Z<r2s$,12/15/2024
212,riley97@gmail.com,voP1)%,12/15/2024
213,petra51@gmail.com,o8)Cx=,12/15/2024
214,americo87@gmail.com,x02:Ug,12/15/2024
215,sierra_ledner90@gmail.com,Lg4<l~,12/15/2024
216,winston_kemmer@gmail.com,q=3H<],12/15/2024
217,morton61@gmail.com,v{07MX,12/15/2024
218,dillan54@gmail.com,t0?Ua;,12/15/2024
219,anna17@gmail.com,kC%Q1w,12/15/2024
220,elinore.gerlach81@gmail.com,Nc0t)+,12/15/2024
221,maryjane_abernathy@gmail.com,K2M}m`,12/15/2024
222,demetris48@gmail.com,u@Z5m#,12/15/2024
223,filomena19@gmail.com,D2.3ws,12/15/2024
224,alberta8@gmail.com,N5q>#t,12/15/2024
225,kale.dicki@gmail.com,oH$h9S,12/15/2024
226,roosevelt45@gmail.com,jC5'@m,12/15/2024
227,johnathon48@gmail.com,nJg7>A,12/15/2024
228,easter16@gmail.com,Tr6^)<,12/15/2024
229,catharine9@gmail.com,fO*9=q,12/15/2024
230,vincenza_langosh32@gmail.com,s@8W@P,12/15/2024
231,anjali.lesch68@gmail.com,Y=cw3G,12/15/2024
232,ahmed3@gmail.com,ma2I+q,12/15/2024
233,joan.bruen50@gmail.com,E2h~W|,12/15/2024
234,jasmin.hessel99@gmail.com,kHF(9x,12/15/2024
235,dorris.mayert@gmail.com,Q.vD8c,12/15/2024
236,blanca.champlin40@gmail.com,q{B45x,12/15/2024
237,ayla_jast5@gmail.com,Y[Aq5m,12/15/2024
238,keven_flatley44@gmail.com,So-C1T,12/15/2024
239,lora_jerde@gmail.com,uP4Y@;,12/15/2024
240,rita17@gmail.com,ZtB*9G,12/15/2024
241,caitlyn.pfannerstill@gmail.com,o6d!V`,12/15/2024
242,dudley_ward@gmail.com,P^c8E(,12/15/2024
243,layla.marks56@gmail.com,p1~|Iz,12/15/2024
244,palma.ullrich@gmail.com,We~0G6,12/15/2024
245,wilfredo.mckenzie45@gmail.com,n7?KY~,12/15/2024
246,camylle_stroman@gmail.com,c)@X2B,12/15/2024
247,ima60@gmail.com,iM8/M#,12/15/2024
248,keanu.balistreri@gmail.com,Yx1V|0,12/15/2024
249,yoshiko.kuphal15@gmail.com,vM7?WO,12/15/2024
250,leone.okuneva@gmail.com,N4y2;>,12/15/2024
251,sincere_schulist36@gmail.com,ji6[MT,12/15/2024
252,sophia_watsica@gmail.com,drQ'0I,12/15/2024
253,winona.orn64@gmail.com,E(^9nz,12/15/2024
254,kallie50@gmail.com,zDM3:d,12/15/2024
255,sofia14@gmail.com,x#01XM,12/15/2024
256,vergie2@gmail.com,pWu*9o,12/15/2024
257,theodore_pouros98@gmail.com,S|9;a=,12/15/2024
258,leopoldo.kutch@gmail.com,a2`6HO,12/15/2024
259,robert17@gmail.com,Xo/6pd,12/15/2024
260,tristian67@gmail.com,p'Vt0Q,12/15/2024
261,katelyn36@gmail.com,"F[o2""k",12/15/2024
262,josie.gusikowski36@gmail.com,oo}5S+,12/15/2024
263,dimitri.kuhn@gmail.com,"sc2,J)",12/15/2024
264,georgianna91@gmail.com,"r""sR4c",12/15/2024
265,grayson3@gmail.com,W;Cl6Z,12/15/2024
266,lorna_sauer@gmail.com,P^5asa,12/15/2024
267,allene_thiel@gmail.com,Y9C:zk,12/15/2024
268,israel66@gmail.com,q0Q&c(,12/15/2024
269,samir.thiel64@gmail.com,D$9wP?,12/15/2024
270,godfrey53@gmail.com,Gf>6:.,12/15/2024
271,keagan47@gmail.com,qB/c7W,12/15/2024
272,samir_willms@gmail.com,rAw9$L,12/15/2024
273,baron_haley72@gmail.com,bvI0*B,12/15/2024
274,aliyah96@gmail.com,q(H4|2,12/15/2024
275,rubye79@gmail.com,x9:UW~,12/15/2024
276,merle44@gmail.com,i%B+1-,12/15/2024
277,candace_swaniawski98@gmail.com,q_+7S!,12/15/2024
278,linnea63@gmail.com,poM)7y,12/15/2024
279,queenie60@gmail.com,vH1e>r,12/15/2024
280,amari_torp76@gmail.com,P:2[b+,12/15/2024
281,dominic78@gmail.com,Fq4$=@,12/15/2024
282,kailey_dach@gmail.com,V3j+n[,12/15/2024
283,mariah.prosacco70@gmail.com,g6Gx!R,12/15/2024
284,nova58@gmail.com,j8&AEf,12/15/2024
285,marilie.walsh16@gmail.com,lt4V`#,12/15/2024
286,reta66@gmail.com,d4m-C8,12/15/2024
287,jannie.strosin46@gmail.com,dwM7=P,12/15/2024
288,jamar_carroll@gmail.com,p(O5R-,12/15/2024
289,grayce85@gmail.com,N<p%6(,12/15/2024
290,torey_zieme69@gmail.com,Og2I)Q,12/15/2024
291,torrey_haley@gmail.com,n3X:@*,12/15/2024
292,joel_feil15@gmail.com,Euw_0j,12/15/2024
293,catherine48@gmail.com,GG7c:O,12/15/2024
294,audreanne.kihn48@gmail.com,B7'wSO,12/15/2024
295,harry59@gmail.com,Ce<24[,12/15/2024
296,norwood_schmeler@gmail.com,w}w7O=,12/15/2024
297,merle_jacobs84@gmail.com,p%OU6},12/15/2024
298,jakob_thiel@gmail.com,P4Q`l[,12/15/2024
299,denis75@gmail.com,S4F/hY,12/15/2024
300,donnell1@gmail.com,"w%`B7,",12/15/2024
